url,name,subdomain,yt_vods,twitch_vods
http://quarterlyrapport.challonge.com/quar1llb,quar1llb,quarterlyrapport,list=PLmcF8BW7qs45aWOV2skD0QlksJA8y1OZd,
http://quarterlyrapport.challonge.com/quar2llbeu,quar2llbeu,quarterlyrapport,5I-AByMCNYs,
http://quarterlyrapport.challonge.com/quar2llbna,quar2llbna,quarterlyrapport,z5FMOoXr2HM;vrNx7d6yjzs,
http://quarterlyrapport.challonge.com/quar3llb,quar3llb,quarterlyrapport,6eplXakF-So,
http://quarterlyrapport.challonge.com/quar4llb,quar4llb,quarterlyrapport,hou344yHIhY,1204843163
http://sco.challonge.com/LethalSlap_LLB,LethalSlap_LLB,sco,PRKqqHn-SDg;list=PLwrJnX5CdA9_DokI0mYwKPS5nFz-Ijbfh,1105500860
http://tgtourneys.challonge.com/blaze1,blaze1,tgtourneys,,
http://www.challonge.com/16crryc4,16crryc4,,,
http://www.challonge.com/1du9dozz,1du9dozz,,,
http://www.challonge.com/1jz8vvh9,1jz8vvh9,,,
http://www.challonge.com/1polu7ok,1polu7ok,,,
http://www.challonge.com/1wnnm2xv,1wnnm2xv,,,
http://www.challonge.com/2ltga48t,2ltga48t,,AfaRNb59tCs,
http://www.challonge.com/2url40ka,2url40ka,,,
http://www.challonge.com/2xzls19m,2xzls19m,,,
http://www.challonge.com/31patnub,31patnub,,73i-CVTgHGA,
http://www.challonge.com/4l7fg0dy,4l7fg0dy,,,
http://www.challonge.com/4vooml4f,4vooml4f,,,
http://www.challonge.com/4wa7sbq1,4wa7sbq1,,,531891713
http://www.challonge.com/5as4k90h,5as4k90h,,,
http://www.challonge.com/74nclafl,74nclafl,,list=PLmcF8BW7qs47291j9RrrMxqYxOv2sgf9l,
http://www.challonge.com/7ffjqxaf,7ffjqxaf,,,
http://www.challonge.com/7ojk5vth,7ojk5vth,,,1750802607
http://www.challonge.com/84rnkl84,84rnkl84,,,
http://www.challonge.com/8873vwfe,8873vwfe,,,
http://www.challonge.com/8jbax0jb,8jbax0jb,,,
http://www.challonge.com/8wjwjnls,8wjwjnls,,f4x5H230lFE,
http://www.challonge.com/99kz7yfy,99kz7yfy,,jQBRvi8aMK4,
http://www.challonge.com/9muqc99f,9muqc99f,,,
http://www.challonge.com/9svi36gq,9svi36gq,,,
http://www.challonge.com/BiscuitWeekly,BiscuitWeekly,,IzxlyG0tvLg,
http://www.challonge.com/BiscuitWeekly2,BiscuitWeekly2,,KsYJ2doiK5o,
http://www.challonge.com/ChomptlyLLB,ChomptlyLLB,c50d9e864d83aa8808f80b56,tcv9y_5u3b4,
http://www.challonge.com/DJMDuck,DJMDuck,,,
http://www.challonge.com/DoomComing,DoomComing,,,
http://www.challonge.com/GPCST24,GPCST24,,,
http://www.challonge.com/HFLLBlaze1,HFLLBlaze1,d609106fcd7abf72415cd770,,
http://www.challonge.com/IMTCS1,IMTCS1,,list=PLmcF8BW7qs44U1Lxbpj8tKhGvPnzjuYqS,753732289
http://www.challonge.com/ISGFight4,ISGFight4,,,
http://www.challonge.com/ISGFight6,ISGFight6,,,
http://www.challonge.com/IgniteOnline,IgniteOnline,f19a93e996349a57f1823d2b,,
http://www.challonge.com/Justplayllb,Justplayllb,,,
http://www.challonge.com/LFCB5,LFCB5,,,
http://www.challonge.com/LHATnumerouno,LHATnumerouno,,,
http://www.challonge.com/LLBCB19,LLBCB19,,oJ2GISoz40c,
http://www.challonge.com/LLBUTLE,LLBUTLE,,,
http://www.challonge.com/LLBW1,LLBW1,,6JEVk5dCAzE,
http://www.challonge.com/LLBW2,LLBW2,,,
http://www.challonge.com/LLBW3,LLBW3,,,
http://www.challonge.com/LLBW4,LLBW4,,,
http://www.challonge.com/LLBWeekMinds,LLBWeekMinds,,,
http://www.challonge.com/LNLLB1,LNLLB1,,,
http://www.challonge.com/LethalDash1,LethalDash1,06383498b01492fba6394683,,
http://www.challonge.com/LethalDash10,LethalDash10,06383498b01492fba6394683,,
http://www.challonge.com/LethalDash11,LethalDash11,06383498b01492fba6394683,,
http://www.challonge.com/LethalDash2,LethalDash2,06383498b01492fba6394683,,
http://www.challonge.com/LethalDash3,LethalDash3,06383498b01492fba6394683,,
http://www.challonge.com/LethalDash4,LethalDash4,06383498b01492fba6394683,,
http://www.challonge.com/LethalDash5,LethalDash5,06383498b01492fba6394683,,
http://www.challonge.com/LethalDash6,LethalDash6,06383498b01492fba6394683,,
http://www.challonge.com/LethalDash7,LethalDash7,06383498b01492fba6394683,,
http://www.challonge.com/LethalDash8,LethalDash8,06383498b01492fba6394683,,
http://www.challonge.com/LethalDash9,LethalDash9,06383498b01492fba6394683,,
http://www.challonge.com/Llbrank,Llbrank,,list=PLkmB9NnQdon_vKcJV-h7a_keQdXyB0pmR,
http://www.challonge.com/Lungbreaker2019,Lungbreaker2019,,,
http://www.challonge.com/Lungbreaker2020,Lungbreaker2020,,,
http://www.challonge.com/NHAT1,NHAT1,,,
http://www.challonge.com/NHAT2,NHAT2,,,
http://www.challonge.com/NHAT_3,NHAT_3,,,
http://www.challonge.com/NeerEU,NeerEU,,,
http://www.challonge.com/NeerEU2,NeerEU2,,,
http://www.challonge.com/NeerLLB,NeerLLB,,,
http://www.challonge.com/OWUP,OWUP,,,
http://www.challonge.com/SBSST1,SBSST1,890c83afbf1b2835780f6f73,,
http://www.challonge.com/SPHAT10EU,SPHAT10EU,,,
http://www.challonge.com/SPHAT10NA,SPHAT10NA,,,
http://www.challonge.com/SPHAT11,SPHAT11,f27f75c45e95e0586da5b61c,,521817331
http://www.challonge.com/SPHAT12,SPHAT12,f27f75c45e95e0586da5b61c,,527897082
http://www.challonge.com/SPHAT13,SPHAT13,f27f75c45e95e0586da5b61c,,
http://www.challonge.com/SPHAT14,SPHAT14,,list=PLkmB9NnQdon_vKcJV-h7a_keQdXyB0pmR,547316048
http://www.challonge.com/SPHAT15,SPHAT15,f27f75c45e95e0586da5b61c,,
http://www.challonge.com/SPHAT16,SPHAT16,f27f75c45e95e0586da5b61c,,
http://www.challonge.com/SPHAT3,SPHAT3,,list=PLkmB9NnQdon_vKcJV-h7a_keQdXyB0pmR,378345775
http://www.challonge.com/SPHAT4,SPHAT4,,,384785087
http://www.challonge.com/SPHAT5,SPHAT5,,,
http://www.challonge.com/SPHAT6,SPHAT6,,,393031900
http://www.challonge.com/SPHAT7,SPHAT7,,,
http://www.challonge.com/SPHAT8,SPHAT8,,,
http://www.challonge.com/SPHAT9,SPHAT9,f27f75c45e95e0586da5b61c,,
http://www.challonge.com/SSRotS,SSRotS,890c83afbf1b2835780f6f73,RoODTGPWBHk,
http://www.challonge.com/SSTSRAexcla,SSTSRAexcla,890c83afbf1b2835780f6f73,,
http://www.challonge.com/Sblaze01,Sblaze01,,,
http://www.challonge.com/Sblaze02,Sblaze02,,,
http://www.challonge.com/Sblaze03,Sblaze03,,,
http://www.challonge.com/Sblaze04,Sblaze04,,,
http://www.challonge.com/SomeLLBNo2,SomeLLBNo2,,,
http://www.challonge.com/SpontaneousStreetSlam,SpontaneousStreetSlam,,,
http://www.challonge.com/TRP_BFTO,TRP_BFTO,,1mrMNGhRlek,1104441002
http://www.challonge.com/TRST2,TRST2,acf7c7ff006b558e0c2a3ae2,LULd2KuIMDA,
http://www.challonge.com/TRST3,TRST3,acf7c7ff006b558e0c2a3ae2,Ce7Yzm30PUk,
http://www.challonge.com/TYFNSST,TYFNSST,,,
http://www.challonge.com/TYFS2019,TYFS2019,,,
http://www.challonge.com/ablaze,ablaze,,list=PLmcF8BW7qs47LNW1y1Cp4D3BaU9z8d8JB,790059575
http://www.challonge.com/asolkctf,asolkctf,,,
http://www.challonge.com/buntfest2020,buntfest2020,,Y6T6UrYivRg,
http://www.challonge.com/bwnv3634,bwnv3634,,,
http://www.challonge.com/coffeecup3,coffeecup3,,,
http://www.challonge.com/coffeede1,coffeede1,,,
http://www.challonge.com/coffeede2,coffeede2,,,
http://www.challonge.com/d0u699kc,d0u699kc,,,
http://www.challonge.com/daircheckup,daircheckup,,,
http://www.challonge.com/daironline6,daironline6,,RwRDBPPu_z0,
http://www.challonge.com/daironline7,daironline7,,nF510VXTwes,
http://www.challonge.com/daironline8,daironline8,,ZpPTHhmf888,
http://www.challonge.com/e4oedgq,e4oedgq,,,
http://www.challonge.com/edhppeet,edhppeet,,,
http://www.challonge.com/eqliocbd,eqliocbd,,,
http://www.challonge.com/fasks81,fasks81,,,
http://www.challonge.com/fs5x53e2,fs5x53e2,,,
http://www.challonge.com/fy4q2zd5,fy4q2zd5,,,1224287285
http://www.challonge.com/gbttatw9,gbttatw9,,,
http://www.challonge.com/hm0azs5g,hm0azs5g,,,
http://www.challonge.com/hmc7wbzr,hmc7wbzr,,,
http://www.challonge.com/hqmjp83o,hqmjp83o,,,
http://www.challonge.com/hsp0n1go,hsp0n1go,,TA0A1zh0WZ0,
http://www.challonge.com/hyhyllb,hyhyllb,,9pyOUfS3ip4,
http://www.challonge.com/hyhyllb2,hyhyllb2,,list=PLwrJnX5CdA9_sYyv_rjSZZsDXwWEM5Jpk,
http://www.challonge.com/i94ef06v,i94ef06v,,,
http://www.challonge.com/k0x6kbjd,k0x6kbjd,,,
http://www.challonge.com/k7pxgg1c,k7pxgg1c,,,
http://www.challonge.com/llbsgot,llbsgot,,,
http://www.challonge.com/lv7g7k8,lv7g7k8,,,
http://www.challonge.com/madeix1t,madeix1t,,,
http://www.challonge.com/mnbmkw22,mnbmkw22,,,1486130650
http://www.challonge.com/n31nq162,n31nq162,,,
http://www.challonge.com/nbok1ipx,nbok1ipx,,,
http://www.challonge.com/nllwuglw,nllwuglw,,Dirp3UOF4YM,
http://www.challonge.com/npjkaj79,npjkaj79,,,
http://www.challonge.com/of93ga4b,of93ga4b,,,
http://www.challonge.com/opcd6pfy,opcd6pfy,,,
http://www.challonge.com/os94c5fx,os94c5fx,,,
http://www.challonge.com/p4ns9jrw,p4ns9jrw,,,
http://www.challonge.com/qt31y0a0,qt31y0a0,,,
http://www.challonge.com/rhat,rhat,,,
http://www.challonge.com/roi26cba,roi26cba,,,1507581136
http://www.challonge.com/rvfgcepe,rvfgcepe,,,
http://www.challonge.com/s2ttd7pi,s2ttd7pi,,,
http://www.challonge.com/s888zys5,s888zys5,,,
http://www.challonge.com/s8y8pdqd,s8y8pdqd,,,1478556071
http://www.challonge.com/sizatyn3,sizatyn3,,9XKDRhzGH0o,
http://www.challonge.com/slayersfinal,slayersfinal,,list=PLmcF8BW7qs47VIt-qSJcVPoIXn0SUTAhB,
http://www.challonge.com/thesns3,thesns3,,,
http://www.challonge.com/thesns4,thesns4,,,
http://www.challonge.com/thesuprspecial,thesuprspecial,,,1785472390;1785472754
http://www.challonge.com/udfs00j0,udfs00j0,,,
http://www.challonge.com/v5glgj9w,v5glgj9w,,,
http://www.challonge.com/volhalla,volhalla,,,
http://www.challonge.com/wallacewednesdays1,wallacewednesdays1,,,
http://www.challonge.com/wallacewednesdays2,wallacewednesdays2,,,
http://www.challonge.com/wallacewednesdays3,wallacewednesdays3,,,
http://www.challonge.com/walliswednesdays1,walliswednesdays1,,,
http://www.challonge.com/walliswednesdays2,walliswednesdays2,,,
http://www.challonge.com/wb62q7po,wb62q7po,,,
http://www.challonge.com/wy59rbri,wy59rbri,,list=PLmcF8BW7qs45gMtEJ_Dq_G1O3pcaLk1wO,
http://www.challonge.com/x16174uz,x16174uz,,,
http://www.challonge.com/xyj97rx6,xyj97rx6,,,
http://www.challonge.com/y4osc4ba,y4osc4ba,,,
http://www.challonge.com/yrj9px6l,yrj9px6l,,,
http://www.challonge.com/yxrq5axw,yxrq5axw,,,
http://www.challonge.com/zcgqxy0t,zcgqxy0t,,,
https://challonge.com/CactosLostToOmeg,CactosLostToOmeg,,7cnLhaY7IDk,
https://challonge.com/BiscuitWeekly3,BiscuitWeekly3,,kE5lxf-hUEA
https://challonge.com/BiscuitWeekly4,BiscuitWeekly4,,
https://challonge.com/BiscuitWeekly6,BiscuitWeekly6,,n5xKlmDtqGE
https://challonge.com/BiscuitWeekly7,BiscuitWeekly7,,kze38fJjF2s
https://challonge.com/BiscuitWeekly8,BiscuitWeekly8,,PizBl9F6Iic
https://challonge.com/BiscuitWeekly9,BiscuitWeekly9,,Qt7gvu-V_aM
https://challonge.com/BiscuitWeekly11,BiscuitWeekly11,,50Z7hsW70KA
https://challonge.com/BiscuitWeekly12,BiscuitWeekly12,,XZVKiAS0ZVA
https://challonge.com/BiscuitWeekly13,BiscuitWeekly13,,DB1xzb_4Lfs
https://challonge.com/BiscuitWeekly14,BiscuitWeekly14,,
https://challonge.com/BiscuitWeekly16,BiscuitWeekly16,,
https://challonge.com/BiscuitWeekly17,BiscuitWeekly17,,G_gULc2XD5w
https://challonge.com/BiscuitWeekly18,BiscuitWeekly18,,GcLdtJuu-3s
https://challonge.com/BiscuitWeekly19,BiscuitWeekly19,,D1NVONYMdF0
https://challonge.com/BiscuitWeekly21,BiscuitWeekly21,,
https://challonge.com/BiscuitWeekly22,BiscuitWeekly22,,19L8u84J13U
https://challonge.com/BiscuitWeekly23,BiscuitWeekly23,,
https://challonge.com/BiscuitWeekly24,BiscuitWeekly24,,
https://challonge.com/llbopen1,llbopen1,,mkoj9UTiIfQ
https://challonge.com/llbopen1am,llbopen1am,,
https://challonge.com/7wzicph5,7wzicph5,,,
https://challonge.com/LLBUTOP,LLBUTOP,,,
https://challonge.com/LLBTOP2,LLBTOP2,,,
https://challonge.com/LLBUTOP3,LLBUTOP3,,,
https://challonge.com/y3flwvug,y3flwvug,,,
https://challonge.com/BD_1,BD_1,5a0f067b3152aa8c7bf1bd3f,,
https://challonge.com/BnD2,BnD2,5a0f067b3152aa8c7bf1bd3f,,
https://challonge.com/BnD3,BnD3,5a0f067b3152aa8c7bf1bd3f,,Iq3tLakZ5xWRxA
https://challonge.com/BnD4,BnD4,5a0f067b3152aa8c7bf1bd3f,,535079283;535079284
https://challonge.com/BnD5,BnD5,5a0f067b3152aa8c7bf1bd3f,,APfyDlyv6xU_Tg
https://challonge.com/BnD6,BnD6,5a0f067b3152aa8c7bf1bd3f,,
https://challonge.com/BnD7,BnD7,5a0f067b3152aa8c7bf1bd3f,list=PLkmB9NnQdon_vKcJV-h7a_keQdXyB0pmR,
https://challonge.com/BnA2,BnA2,5a0f067b3152aa8c7bf1bd3f,,
https://challonge.com/BnA3,BnA3,5a0f067b3152aa8c7bf1bd3f,,
https://challonge.com/BnA5,BnA5,5a0f067b3152aa8c7bf1bd3f,,
https://challonge.com/LFCB3,LFCB3,,,
https://challonge.com/RHAT7,RHAT7,,tKY2Iv81kaQ,
https://challonge.com/sub1cxtd,sub1cxtd,,uxkfMpd5PJ0,
https://challonge.com/llbopen2,llbopen2,,Rj94Ouo2gW0;Rj94Ouo2gW0,
https://challonge.com/socalllb1,socalllb1,,list=PLmcF8BW7qs46z50gt-mvvueZmlxWH1_UH,
https://challonge.com/m3lo6m0h,m3lo6m0h,0dfd309e889782369e8450df,,
https://challonge.com/wepjzzwv,wepjzzwv,0dfd309e889782369e8450df,,
https://challonge.com/blaze4scholarships,blaze4scholarships,1530c91b4e3017c125f58e6a,,
https://challonge.com/slambootleg2,slambootleg2,1530c91b4e3017c125f58e6a,,
https://challonge.com/jmcup25,jmcup25,2259e5cf37a11d07e6a0e522,,
http://www.challonge.com/IMTNPC1,IMTNPC1,,,
http://www.challonge.com/IMTNPC2,IMTNPC2,,,
http://www.challonge.com/IMTNPC2EU,IMTNPC2EU,,,
http://www.challonge.com/IMTNPC3,IMTNPC3,,,
http://www.challonge.com/TWNPC4,TWNPC4,,,
http://www.challonge.com/NPC5,NPC5,,,
http://www.challonge.com/NPC6,NPC6,,,
http://www.challonge.com/NPC7,NPC7,,,
http://www.challonge.com/NPC8,NPC8,,,
http://www.challonge.com/NPC9,NPC9,,,
http://www.challonge.com/NPC10,NPC10,,19rhOe0J0l8,
http://www.challonge.com/NPC11,NPC11,,o4hCNi1bW28,
http://www.challonge.com/NPC12,NPC12,,Q-TYmnqTL8A,
http://www.challonge.com/NPC13,NPC13,,,
http://www.challonge.com/NPC14,NPC14,,,
http://www.challonge.com/NPC15,NPC15,,,
http://www.challonge.com/NPC16,NPC16,,,
https://challonge.com/NPC17,NPC17,,,
https://challonge.com/NPC18,NPC18,,,
https://challonge.com/NPC19,NPC19,,,
https://challonge.com/NPC20,NPC20,,,
https://challonge.com/NPC21,NPC21,,,
https://challonge.com/NPC22,NPC22,,,
https://challonge.com/NPC23,NPC23,,,
https://challonge.com/NPC24,NPC24,,,
https://challonge.com/NPC25,NPC25,,,
https://challonge.com/NPC26,NPC26,,,
https://challonge.com/NPC27,NPC27,,,
https://challonge.com/NPC28,NPC28,,,
https://challonge.com/NPC29,NPC29,,,
https://challonge.com/NPC30,NPC30,,,
https://challonge.com/NPC31,NPC31,,,
https://challonge.com/NPC32,NPC32,,zZajmcjNd9I,
https://challonge.com/NPC33,NPC33,,,
https://challonge.com/NPC34,NPC34,,V21XhvxLC60,
https://challonge.com/NPC35,NPC35,,vI01Ao15fs0,
https://challonge.com/NPC36,NPC36,,SMKSRdbVVQk,
https://challonge.com/NPC37,NPC37,,MjQbApKdz3w,
https://challonge.com/NPC38,NPC38,,,
https://challonge.com/NPC39,NPC39,,,
https://challonge.com/NPC40,NPC40,,list=PLVSx2Vk2LO7eC-BddNQzBEv46JAdtJtW5,
https://challonge.com/NPC41,NPC41,,Dra3EQsyhM4;list=PLVSx2Vk2LO7eKAV9FAXyOl3KzrgaieXF7,
https://challonge.com/NPC42,NPC42,,gLTcqjInH2Y,
https://challonge.com/NPC43,NPC43,,B0Lu5ntxC2k,
https://challonge.com/NPC44,NPC44,,2rFWomd8gis;list=PLVSx2Vk2LO7dQu867a7j78ZMSM_V72pfw,
https://challonge.com/NPC45,NPC45,,sORR1zlvH3A;list=PLVSx2Vk2LO7eSJcte5cgyYDExwSLPxmZC,
https://challonge.com/NPC46,NPC46,,T6nkD99R338,2424853876
https://challonge.com/NPC47,NPC47,,OBSN60-nDIs,
https://challonge.com/NPC48,NPC48,,,
https://challonge.com/NPC49,NPC49,,0BcZJwSbBCs,2504621877
https://challonge.com/NPC50,NPC50,,JIFafHl-sxE,2529458133
https://challonge.com/NPC51,NPC51,,,
https://challonge.com/NPC52,NPC52,,,
https://challonge.com/GridGang1,GridGang1,,,
https://challonge.com/RNP1,RNP1,,,
https://challonge.com/spvx_tourney_1,spvx_tourney_1,,Cb0hC9_4H6k,
https://challonge.com/MACH1Q1,MACH1Q1,597f351987066aa5e169c54d,tPnMsaBUEFI,2197550197
https://challonge.com/MACH1Q2,MACH1Q2,597f351987066aa5e169c54d,HwdeNKa_5wg,2209118579
https://challonge.com/MACH1LCQ,MACH1LCQ,597f351987066aa5e169c54d,IEZBYlQPlwI,2239036274
https://challonge.com/MACH1,MACH1,597f351987066aa5e169c54d,4MdS9Mizdpc,2245465655
https://challonge.com/Mach1GlamGlen,Mach1GlamGlen,,,
https://challonge.com/llbopen3,llbopen3,,QUmKixeV5Qk,
https://challonge.com/llbopen4,llbopen4,,Dd6FXgdvnTs;jq2G9HQGOME;akklWamxaVc,2388570138;2388570570;2388311278
https://challonge.com/llbopen3stadiumbracket,llbopen3stadiumbracket,,,
https://challonge.com/llbopen4stadiumbracket,llbopen4stadiumbracket,,,
https://challonge.com/asaadwiab1,asaadwiab1,,,
https://challonge.com/asaadwiab2,asaadwiab2,,,
https://challonge.com/asaadwiab3,asaadwiab3,,,
https://challonge.com/asaadwiab4,asaadwiab4,,,
https://challonge.com/ROOM21_1,ROOM21_1,room21,18uMrnNigQo,
https://challonge.com/ROOM21_2,ROOM21_2,room21,,
https://challonge.com/ROOM21_3,ROOM21_3,room21,,
https://challonge.com/ROOM21_4,ROOM21_4,room21,,
https://challonge.com/ROOM21_5,ROOM21_5,room21,,
https://challonge.com/ROOM21_6,ROOM21_6,room21,,
https://challonge.com/ROOM21_7,ROOM21_7,room21,,
https://challonge.com/ROOM21_8,ROOM21_8,room21,,
https://challonge.com/ROOM21_9,ROOM21_9,room21,,
https://challonge.com/ROOM21_10,ROOM21_10,room21,,
https://challonge.com/ROOM21_11,ROOM21_11,room21,EaSF-1t8rFc,2373287449
https://challonge.com/ROOM21_12,ROOM21_12,room21,,
https://challonge.com/ROOM21_13,ROOM21_13,room21,,
https://challonge.com/ROOM21_14,ROOM21_14,room21,,
https://challonge.com/ROOM21_15,ROOM21_15,room21,,
https://challonge.com/ROOM21_16,ROOM21_16,room21,,
https://challonge.com/ROOM21_17,ROOM21_17,room21,,
https://challonge.com/ROOM21_18,ROOM21_18,room21,,
https://challonge.com/ROOM21_19,ROOM21_19,room21,,2422147541
https://challonge.com/ROOM21_20,ROOM21_20,room21,CSUS99ougCk,
https://challonge.com/ROOM21_21,ROOM21_21,room21,,2434559655
https://challonge.com/ROOM21_22,ROOM21_22,room21,,
https://challonge.com/ROOM21_23,ROOM21_23,room21,,
https://challonge.com/ROOM21_24,ROOM21_24,room21,,
https://challonge.com/ROOM21_25,ROOM21_25,room21,,
https://challonge.com/ROOM21_26,ROOM21_26,room21,,
https://challonge.com/ROOM21_27,ROOM21_27,room21,,
https://challonge.com/ROOM21_28,ROOM21_28,room21,,
https://challonge.com/ROOM21_29,ROOM21_29,room21,,
https://challonge.com/ROOM21_30,ROOM21_30,room21,,
https://challonge.com/ROOM21_31,ROOM21_31,room21,,2495778040;2495681678
https://challonge.com/ROOM21_32,ROOM21_32,room21,,
https://challonge.com/ROOM21_33,ROOM21_33,room21,,
https://challonge.com/ROOM21_34,ROOM21_34,room21,,
https://challonge.com/ROOM21_35,ROOM21_35,room21,,
https://challonge.com/ROOM21_36,ROOM21_36,room21,,
https://challonge.com/ROOM21_37,ROOM21_37,room21,,
https://challonge.com/ROOM21_38,ROOM21_38,room21,,
https://challonge.com/ROOM21_39,ROOM21_39,room21,QnXZVTCc6hQ,2545798165
https://challonge.com/ROOM21_40,ROOM21_40,room21,,
https://challonge.com/ROOM21_41,ROOM21_41,room21,,
https://challonge.com/ROOM21_42,ROOM21_42,room21,NjCM3r6MH9I,2563211733
https://challonge.com/ROOM21_43,ROOM21_43,room21,,
https://challonge.com/ROOM21_44,ROOM21_44,room21,,
https://challonge.com/ROOM21_45,ROOM21_45,room21,,
https://challonge.com/ROOM21_46,ROOM21_46,room21,,
https://challonge.com/ROOM21_47,ROOM21_47,room21,,
https://challonge.com/ROOM21_48,ROOM21_48,room21,,
https://challonge.com/tastyrace1,tastyrace1,,,
https://challonge.com/llb_delta1,llb_delta1,a5eb02e276cfbbe7075bf4c2,bg85ODnKYBs,
https://challonge.com/llb_delta2,llb_delta2,a5eb02e276cfbbe7075bf4c2,g-m1irzicXc,2431220189
https://challonge.com/llb_delta3,llb_delta3,a5eb02e276cfbbe7075bf4c2,149-kq8eplc,2443478938
https://challonge.com/llb_delta4,llb_delta4,a5eb02e276cfbbe7075bf4c2,81pYtdJk5Uo,2455566774
https://challonge.com/llb_delta5,llb_delta5,a5eb02e276cfbbe7075bf4c2,N0Y85ytjtnc,2486145053
https://challonge.com/llb_delta6,llb_delta6,a5eb02e276cfbbe7075bf4c2,hiOTofJPKZ8,2541930400
https://challonge.com/llb_delta7,llb_delta7,a5eb02e276cfbbe7075bf4c2,CGYPNa47KlM,2553859487
https://challonge.com/llb_delta8,llb_delta8,a5eb02e276cfbbe7075bf4c2,,2571489233
https://challonge.com/llb_delta9,llb_delta9,a5eb02e276cfbbe7075bf4c2,,2589363159
https://challonge.com/w066kdjy,w066kdjy,,rnGfrBw8SsU,
https://challonge.com/EHEU1,EHEU1,,,
https://challonge.com/EHNA1,EHNA1,,,
https://challonge.com/twitchdottvslashkirbbbbb,twitchdottvslashkirbbbbb,,,2601396084